T_Name|T_UpperStateQuantumNumbers|T_LowerStateQuantumNumbers|T_Frequency|T_EinsteinA|T_EnergyLower|T_UpperStateDegeneracy
CH3C9N;v=0;|ElecStateLabel = X; J = 4; K = 0; |ElecStateLabel = X; J = 3; K = 0; |1669.8958|1.01771e-09|0.083553|18
l-C7H2;v=0;|ElecStateLabel = X; J = 1; Ka = 0; Kc = 1; |ElecStateLabel = X; J = 0; Ka = 0; Kc = 0; |1701.2043|1.13251e-09|0.0|3
HC13N;v=0;|ElecStateLabel = X; J = 9; |ElecStateLabel = X; J = 8; |1925.5062|1.37012e-09|0.256912|19
HC11N;v=0;#1|ElecStateLabel = X; J = 6; |ElecStateLabel = X; J = 5; |2028.7551|1.72429e-09|0.16918|13
HC11N;v=0;|ElecStateLabel = X; J = 6; |ElecStateLabel = X; J = 5; |2028.7551|1.34215e-09|0.16918|13
C9H;v=0;|ElecStateLabel = X; S = 0.5; l = 1; J = 2.5; N = 3; F_H = 3; parity = +; kronigParity = e; |ElecStateLabel = X; S = 0.5; l = 1; J = 1.5; N = 2; F_H = 2; parity = -; kronigParity = e; |2064.5436|2.00803e-09|0.041443|7
C9H;v=0;|ElecStateLabel = X; S = 0.5; l = 1; J = 2.5; N = 3; F_H = 2; parity = +; kronigParity = e; |ElecStateLabel = X; S = 0.5; l = 1; J = 1.5; N = 2; F_H = 1; parity = -; kronigParity = e; |2065.0666|1.80763e-09|0.041443|5
C9H;v=0;|ElecStateLabel = X; S = 0.5; l = 1; J = 2.5; N = 3; F_H = 3; parity = -; kronigParity = f; |ElecStateLabel = X; S = 0.5; l = 1; J = 1.5; N = 2; F_H = 2; parity = +; kronigParity = f; |2065.4019|2.01026e-09|0.041535|7
C9H;v=0;|ElecStateLabel = X; S = 0.5; l = 1; J = 2.5; N = 3; F_H = 2; parity = -; kronigParity = f; |ElecStateLabel = X; S = 0.5; l = 1; J = 1.5; N = 2; F_H = 1; parity = +; kronigParity = f; |2066.0376|1.80973e-09|0.041429|5
C9H;v=0;|ElecStateLabel = X; S = 0.5; l = 1; J = 2.5; N = 2; F_H = 2; parity = -; kronigParity = f; |ElecStateLabel = X; S = 0.5; l = 1; J = 1.5; N = 1; F_H = 1; parity = -; kronigParity = e; |2067.2154|1.20917e-09|27.53298|5
C9H;v=0;|ElecStateLabel = X; S = 0.5; l = 1; J = 2.5; N = 2; F_H = 3; parity = +; kronigParity = e; |ElecStateLabel = X; S = 0.5; l = 1; J = 1.5; N = 1; F_H = 2; parity = -; kronigParity = e; |2067.224|1.34367e-09|27.53298|7
C9H;v=0;|ElecStateLabel = X; S = 0.5; l = 1; J = 2.5; N = 2; F_H = 3; parity = -; kronigParity = f; |ElecStateLabel = X; S = 0.5; l = 1; J = 1.5; N = 1; F_H = 2; parity = +; kronigParity = f; |2067.2241|1.34367e-09|27.53298|7
CH3C9N;v=0;|ElecStateLabel = X; J = 5; K = 3; |ElecStateLabel = X; J = 4; K = 3; |2087.3208|1.30101e-09|47.531486|44
CH3C9N;v=0;|ElecStateLabel = X; J = 5; K = 2; |ElecStateLabel = X; J = 4; K = 2; |2087.3479|1.70759e-09|21.204357|22
CH3C9N;v=0;|ElecStateLabel = X; J = 5; K = 1; |ElecStateLabel = X; J = 4; K = 1; |2087.3642|1.95156e-09|5.405813|22
CH3C9N;v=0;|ElecStateLabel = X; J = 5; K = 0; |ElecStateLabel = X; J = 4; K = 0; |2087.3696|2.03289e-09|0.139254|22
C10H;v=0;|ElecStateLabel = X; S = 0.5; J = 3.5; N = 4; parity = -; kronigParity = e; |ElecStateLabel = X; S = 0.5; J = 2.5; N = 3; parity = +; kronigParity = e; |2108.2452|2.62959e-09|23.419669|8
C10H;v=0;|ElecStateLabel = X; S = 0.5; J = 3.5; N = 3; parity = -; kronigParity = e; |ElecStateLabel = X; S = 0.5; J = 2.5; N = 2; parity = +; kronigParity = e; |2108.8101|2.19297e-09|0.050245|8
C10H;v=0;|ElecStateLabel = X; S = 0.5; J = 3.5; N = 3; parity = +; kronigParity = f; |ElecStateLabel = X; S = 0.5; J = 2.5; N = 2; parity = -; kronigParity = f; |2108.8108|2.19297e-09|0.050245|8
C10H;v=0;|ElecStateLabel = X; S = 0.5; J = 3.5; N = 4; parity = +; kronigParity = f; |ElecStateLabel = X; S = 0.5; J = 2.5; N = 3; parity = -; kronigParity = f; |2113.0059|2.64709e-09|23.420145|8
HC13N;v=0;|ElecStateLabel = X; J = 10; |ElecStateLabel = X; J = 9; |2139.4513|1.88969e-09|0.32114|21
DCCCCCCCN;v=0;|ElecStateLabel = X; J = 2; |ElecStateLabel = X; J = 1; |2181.2608|1.12263e-09|0.03638|5
HC-13-CCCCCCN;v=0;|ElecStateLabel = X; J = 2; |ElecStateLabel = X; J = 1; |2206.5758|1.16209e-09|0.036802|5
HC-13-CCCCCCN;v=0;|ElecStateLabel = X; J = 2; F_N = 3; |ElecStateLabel = X; J = 1; F_N = 2; |2206.6677|1.16233e-09|0.036809|7
HCCCCCCCN-15;v=0;|ElecStateLabel = X; J = 2; |ElecStateLabel = X; J = 1; |2209.0134|1.16611e-09|0.036842|5
HCC-13-CCCCCN;v=0;|ElecStateLabel = X; J = 2; |ElecStateLabel = X; J = 1; |2229.3288|1.19851e-09|0.037181|5
HCC-13-CCCCCN;v=0;|ElecStateLabel = X; J = 2; F_N = 3; |ElecStateLabel = X; J = 1; F_N = 2; |2229.4207|1.19848e-09|0.037188|7
HCCCCCCC-13-N;v=0;|ElecStateLabel = X; J = 2; |ElecStateLabel = X; J = 1; |2230.1574|1.19988e-09|0.037195|5
HCCCCCCC-13-N;v=0;hyp1|ElecStateLabel = X; J = 2; F_N = 3; |ElecStateLabel = X; J = 1; F_N = 2; |2230.2493|1.19985e-09|0.037202|7
HCCC-13-CCCCN;v=0;|ElecStateLabel = X; J = 2; |ElecStateLabel = X; J = 1; |2246.7739|1.22671e-09|0.037472|5
HCCC-13-CCCCN;v=0;|ElecStateLabel = X; J = 2; F_N = 3; |ElecStateLabel = X; J = 1; F_N = 2; |2246.8658|1.22696e-09|0.037479|7
HCCCCCC-13-CN;v=0;|ElecStateLabel = X; J = 2; |ElecStateLabel = X; J = 1; |2247.3084|1.22783e-09|0.037481|5
HCCCCCC-13-CN;v=0;hyp1|ElecStateLabel = X; J = 2; F_N = 3; |ElecStateLabel = X; J = 1; F_N = 2; |2247.4003|1.2278e-09|0.037488|7
CH3C7N;v=0;|ElecStateLabel = X; J = 3; K = 2; |ElecStateLabel = X; J = 2; K = 2; |2248.2938|1.13383e-09|21.11795|14
CH3C7N;v=0;|ElecStateLabel = X; J = 3; K = 1; |ElecStateLabel = X; J = 2; K = 1; |2248.319|1.81418e-09|5.336018|14
CH3C7N;v=0;|ElecStateLabel = X; J = 3; K = 0; |ElecStateLabel = X; J = 2; K = 0; |2248.3274|2.04092e-09|0.074996|14
HCCCC-13-CCCN;v=0;|ElecStateLabel = X; J = 2; |ElecStateLabel = X; J = 1; |2254.7311|1.23977e-09|0.037605|5
HCCCC-13-CCCN;v=0;|ElecStateLabel = X; J = 2; F_N = 3; |ElecStateLabel = X; J = 1; F_N = 2; |2254.823|1.24002e-09|0.037612|7
HCCCCC-13-CCN;v=0;|ElecStateLabel = X; J = 2; |ElecStateLabel = X; J = 1; |2254.9293|1.24034e-09|0.037608|5
HCCCCC-13-CCN;v=0;|ElecStateLabel = X; J = 2; F_N = 3; |ElecStateLabel = X; J = 1; F_N = 2; |2255.0212|1.24031e-09|0.037615|7
HCCCCCCCN;v=0;#1|ElecStateLabel = X; J = 2; F_N = 2; |ElecStateLabel = X; J = 1; F_N = 1; |2256.003|1.00229e-09|0.037592|5
HCCCCCCCN;v=0;|ElecStateLabel = X; v15 = 0; J = 2; |ElecStateLabel = X; v15 = 0; J = 1; |2256.0044|1.24205e-09|0.037626|5
HCCCCCCCN;v=0;#1|ElecStateLabel = X; J = 2; F_N = 3; |ElecStateLabel = X; J = 1; F_N = 2; |2256.0914|1.33654e-09|0.037633|7
HCCCCCCCN;v15=2;|ElecStateLabel = X; v15 = 2; l15 = 0; J = 2; kronigParity = e; |ElecStateLabel = X; v15 = 2; l15 = 0; J = 1; kronigParity = e; |2263.1027|1.25374e-09|124.0569|5
C7O;v=0;|ElecStateLabel = X; J = 2; |ElecStateLabel = X; J = 1; |2291.7639|1.09332e-09|0.038223|5
HC9N;v=0;#1|ElecStateLabel = X; J = 4; |ElecStateLabel = X; J = 3; |2324.1463|2.03657e-09|0.116288|9
HC9N;v=0;|ElecStateLabel = X; J = 4; |ElecStateLabel = X; J = 3; |2324.1463|1.75607e-09|0.116288|9
C8H-;v=0;|ElecStateLabel = X; J = 2; |ElecStateLabel = X; J = 1; |2333.3604|6.39801e-09|0.038916|5
C8O;v=0;|ElecStateLabel = X; S = 1; J = 3; N = 4; |ElecStateLabel = X; S = 1; J = 2; N = 3; |2346.8865|1.38127e-09|0.07828|7
C9O;v=0;|ElecStateLabel = X; J = 4; |ElecStateLabel = X; J = 3; |2349.8886|1.97286e-09|0.117576|9
HC13N;v=0;|ElecStateLabel = X; J = 11; |ElecStateLabel = X; J = 10; |2353.3964|2.52598e-09|0.392504|23
HC11N;v=0;#1|ElecStateLabel = X; J = 7; |ElecStateLabel = X; J = 6; |2366.8809|2.76861e-09|0.236852|15
HC11N;v=0;|ElecStateLabel = X; J = 7; |ElecStateLabel = X; J = 6; |2366.8809|2.15503e-09|0.236852|15
C8O;v=0;|ElecStateLabel = X; S = 1; J = 3; N = 3; |ElecStateLabel = X; S = 1; J = 2; N = 2; |2403.8561|1.31972e-09|2.328081|7
KCN,KNC;v=0;|ElecStateLabel = X; v1 = 0; v2 = 0; v3 = 0; J = 3; Ka = 1; Kc = 2; |ElecStateLabel = X; v1 = 0; v2 = 0; v3 = 0; J = 3; Ka = 1; Kc = 3; |2423.0|1.36879e-09|3.641253|7
SiC6;v=0;|ElecStateLabel = X; J = 2; |ElecStateLabel = X; J = 1; |2445.0039|4.63197e-09|0.040778|5
C8O;v=0;|ElecStateLabel = X; S = 1; J = 3; N = 2; |ElecStateLabel = X; S = 1; J = 2; N = 1; |2460.8096|1.41598e-09|2.329984|7
C7S;v=0;|ElecStateLabel = X; J = 3; |ElecStateLabel = X; J = 2; |2486.568|2.94847e-09|0.082943|7
CH3C9N;v=0;|ElecStateLabel = X; J = 6; K = 5; |ElecStateLabel = X; J = 5; K = 5; |2504.6805|1.08964e-09|131.816206|26
CH3C9N;v=0;|ElecStateLabel = X; J = 6; K = 4; |ElecStateLabel = X; J = 5; K = 4; |2504.7392|1.98127e-09|84.451163|26
CH3C9N;v=0;|ElecStateLabel = X; J = 6; K = 3; |ElecStateLabel = X; J = 5; K = 3; |2504.7848|2.67529e-09|47.601112|52
CH3C9N;v=0;|ElecStateLabel = X; J = 6; K = 2; |ElecStateLabel = X; J = 5; K = 2; |2504.8174|3.17083e-09|21.273983|26
CH3C9N;v=0;|ElecStateLabel = X; J = 6; K = 1; |ElecStateLabel = X; J = 5; K = 1; |2504.8369|3.46794e-09|5.47544|26
CH3C9N;v=0;|ElecStateLabel = X; J = 6; K = 0; |ElecStateLabel = X; J = 5; K = 0; |2504.8435|3.567e-09|0.208881|26
DCCCCCN;v=0;#1|ElecStateLabel = X; J = 1; |ElecStateLabel = X; J = 0; |2542.1127|1.19461e-09|0.0|3
DCCCCCN;v=0;|ElecStateLabel = X; J = 1; |ElecStateLabel = X; J = 0; |2542.1156|1.19517e-09|0.0|3
l-HC4N;v=0;|ElecStateLabel = X; S = 1; J = 1; N = 0; F1 = 2; F = 2.5; |ElecStateLabel = X; S = 1; J = 0; N = 1; F1 = 1; F = 1.5; |2566.1168|1.12002e-09|2.0e-06|6
HC13N;v=0;|ElecStateLabel = X; J = 12; |ElecStateLabel = X; J = 11; |2567.3414|3.29138e-09|0.471005|25
l-HC4N;v=0;|ElecStateLabel = X; S = 1; J = 1; N = 0; |ElecStateLabel = X; S = 1; J = 0; N = 1; |2570.0105|1.12503e-09|3.0e-06|18
HC-13-CCCCN;v=0;|ElecStateLabel = X; J = 1; |ElecStateLabel = X; J = 0; |2593.3523|1.26891e-09|0.0|3
HC-13-CCCCN;v=0;#1|ElecStateLabel = X; J = 1; |ElecStateLabel = X; J = 0; |2593.3533|1.26822e-09|0.0|3
HCCCCCN-15;v=0;#1|ElecStateLabel = X; J = 1; |ElecStateLabel = X; J = 0; |2597.2783|1.27424e-09|0.0|3
HCCCCCN-15;v=0;|ElecStateLabel = X; J = 1; |ElecStateLabel = X; J = 0; |2597.2799|1.27448e-09|0.0|3
C7H;v=0;|ElecStateLabel = X; S = 0.5; l = 1; J = 1.5; N = 2; F = 2; parity = -; kronigParity = e; |ElecStateLabel = X; S = 0.5; l = 1; J = 0.5; N = 1; F = 1; parity = +; kronigParity = e; |2621.7624|2.47302e-09|0.000243|5
C7H;v=0;|ElecStateLabel = X; S = 0.5; l = 1; J = 1.5; N = 2; F = 2; parity = +; kronigParity = f; |ElecStateLabel = X; S = 0.5; l = 1; J = 0.5; N = 1; F = 1; parity = -; kronigParity = f; |2623.7672|2.47777e-09|0.000364|5
C7H;v=0;|ElecStateLabel = X; S = 0.5; l = 1; J = 1.5; N = 2; F = 1; parity = -; kronigParity = e; |ElecStateLabel = X; S = 0.5; l = 1; J = 0.5; N = 1; F = 0; parity = +; kronigParity = e; |2625.0906|1.65055e-09|0.00015|3
C7H;v=0;|ElecStateLabel = X; S = 0.5; l = 1; J = 1.5; N = 2; F = 1; parity = +; kronigParity = f; |ElecStateLabel = X; S = 0.5; l = 1; J = 0.5; N = 1; F = 0; parity = -; kronigParity = f; |2628.7398|1.65512e-09|0.0|3
HCC-13-CCCN;v=0;#1|ElecStateLabel = X; J = 1; |ElecStateLabel = X; J = 0; |2635.3785|1.331e-09|0.0|3
HCC-13-CCCN;v=0;|ElecStateLabel = X; J = 1; |ElecStateLabel = X; J = 0; |2635.3788|1.33148e-09|0.0|3
HCCCCC-13-N;v=0;#1|ElecStateLabel = X; J = 1; |ElecStateLabel = X; J = 0; |2636.3598|1.33241e-09|0.0|3
HCCCCC-13-N;v=0;|ElecStateLabel = X; J = 1; |ElecStateLabel = X; J = 0; |2636.3612|1.33301e-09|0.0|3
NaO;v=0;|ElecStateLabel = X; Lambda = 1; v = 0; J = 0.5; N = 1; F_Na = 1; kronigParity = None; |ElecStateLabel = X; Lambda = 1; v = 0; J = 0.5; N = 1; F_Na = 2; kronigParity = None; |2641.8513|4.52774e-09|106.7521|3
HCCC-13-CCN;v=0;|ElecStateLabel = X; J = 1; |ElecStateLabel = X; J = 0; |2659.9076|1.3691e-09|0.0|3
HCCC-13-CCN;v=0;#1|ElecStateLabel = X; J = 1; |ElecStateLabel = X; J = 0; |2659.9084|1.36836e-09|0.0|3
HCCCC-13-CN;v=0;#1|ElecStateLabel = X; J = 1; |ElecStateLabel = X; J = 0; |2660.228|1.36916e-09|0.0|3
HCCCC-13-CN;v=0;|ElecStateLabel = X; J = 1; |ElecStateLabel = X; J = 0; |2660.2315|1.36942e-09|0.0|3
HCCCCCN;v=0;#1|ElecStateLabel = X; J = 1; |ElecStateLabel = X; J = 0; |2662.6641|1.37294e-09|0.0|3
HCCCCCN;v=0;|ElecStateLabel = X; J = 1; |ElecStateLabel = X; J = 0; |2662.6653|1.3732e-09|0.0|3
HC5N;v10=1,v11=1;|ElecStateLabel = X; v10 = 1; v11 = 1; l = 0; vibRefl = +; J = 1; |ElecStateLabel = X; v10 = 1; v11 = 1; l = 0; vibRefl = +; J = 0; |2673.1424|1.66521e-09|360.639319|3
HC5N;v10=1,v11=1;|ElecStateLabel = X; v10 = 1; v11 = 1; l = 0; vibRefl = -; J = 1; |ElecStateLabel = X; v10 = 1; v11 = 1; l = 0; vibRefl = -; J = 0; |2673.1477|1.66624e-09|360.959888|3
HCCCCCN;v11=2;|ElecStateLabel = X; v11 = 2; l11 = 0; J = 1; kronigParity = e; |ElecStateLabel = X; v11 = 2; l11 = 0; J = 0; kronigParity = e; |2673.8241|1.3907e-09|213.6011|3
AlC3N;v=0;|ElecStateLabel = X; J = 1; |ElecStateLabel = X; J = 0; |2681.5148|1.14248e-09|0.0|3
HCCCCCN;v11=4;|ElecStateLabel = X; v11 = 4; l11 = 0; J = 1; kronigParity = e; |ElecStateLabel = X; v11 = 4; l11 = 0; J = 0; kronigParity = e; |2685.0477|1.4081e-09|427.2022|3
l-C6H2;v=0;|ElecStateLabel = X; J = 1; Ka = 0; Kc = 1; |ElecStateLabel = X; J = 0; Ka = 0; Kc = 0; |2689.4409|2.90136e-09|0.0|3
NaO;v=0;|ElecStateLabel = X; Lambda = 1; v = 0; J = 0.5; N = 1; F_Na = 2; kronigParity = None; |ElecStateLabel = X; Lambda = 1; v = 0; J = 0.5; N = 1; F_Na = 2; kronigParity = None; |2694.089|2.86839e-09|106.7521|5
HC11N;v=0;#1|ElecStateLabel = X; J = 8; |ElecStateLabel = X; J = 7; |2705.0066|4.16747e-09|0.315803|17
HC11N;v=0;|ElecStateLabel = X; J = 8; |ElecStateLabel = X; J = 7; |2705.0066|3.24388e-09|0.315803|17
C2H3C3N;v=0;|ElecStateLabel = X; J = 1; Ka = 0; Kc = 1; F_N = 1; |ElecStateLabel = X; J = 0; Ka = 0; Kc = 0; F_N = 1; |2705.3512|1.99072e-09|0.0|3
C2H3C3N;v=0;|ElecStateLabel = X; J = 1; Ka = 0; Kc = 1; |ElecStateLabel = X; J = 0; Ka = 0; Kc = 0; |2706.3799|1.99276e-09|0.0|9
C2H3C3N;v=0;|ElecStateLabel = X; J = 1; Ka = 0; Kc = 1; F_N = 2; |ElecStateLabel = X; J = 0; Ka = 0; Kc = 0; F_N = 1; |2706.5858|1.99279e-09|0.0|5
C2H3C3N;v=0;|ElecStateLabel = X; J = 1; Ka = 0; Kc = 1; F_N = 0; |ElecStateLabel = X; J = 0; Ka = 0; Kc = 0; F_N = 1; |2708.4381|1.99631e-09|0.0|1
C10H;v=0;|ElecStateLabel = X; S = 0.5; J = 4.5; N = 5; parity = +; kronigParity = e; |ElecStateLabel = X; S = 0.5; J = 3.5; N = 4; parity = -; kronigParity = e; |2711.2812|5.79962e-09|23.489992|10
C10H;v=0;|ElecStateLabel = X; S = 0.5; J = 4.5; N = 4; parity = +; kronigParity = e; |ElecStateLabel = X; S = 0.5; J = 3.5; N = 3; parity = -; kronigParity = e; |2711.3271|5.21956e-09|0.120587|10
C10H;v=0;|ElecStateLabel = X; S = 0.5; J = 4.5; N = 4; parity = -; kronigParity = f; |ElecStateLabel = X; S = 0.5; J = 3.5; N = 3; parity = +; kronigParity = f; |2711.3281|5.21956e-09|0.120587|10
C10H;v=0;|ElecStateLabel = X; S = 0.5; J = 4.5; N = 5; parity = -; kronigParity = f; |ElecStateLabel = X; S = 0.5; J = 3.5; N = 4; parity = +; kronigParity = f; |2716.0414|5.82992e-09|23.490627|10
NaO;v=0;|ElecStateLabel = X; Lambda = 1; v = 0; J = 0.5; N = 1; F_Na = 2; kronigParity = None; |ElecStateLabel = X; Lambda = 1; v = 0; J = 0.5; N = 1; F_Na = 1; kronigParity = None; |2728.2943|2.99169e-09|106.7509|5
C5O;v=0;|ElecStateLabel = X; J = 1; |ElecStateLabel = X; J = 0; |2733.6941|1.30451e-09|0.0|3
C6H-;v=0;|ElecStateLabel = X; J = 1; |ElecStateLabel = X; J = 0; |2753.7258|5.44804e-09|0.0|3
c-C6H5CN;v=0;|ElecStateLabel = X; J = 1; Ka = 0; Kc = 1; |ElecStateLabel = X; J = 0; Ka = 0; Kc = 0; |2761.2798|1.66549e-09|0.0|15
C5N-;v=0;|ElecStateLabel = X; J = 1; |ElecStateLabel = X; J = 0; |2777.7185|2.2774e-09|0.0|3
HC13N;v=0;|ElecStateLabel = X; J = 13; |ElecStateLabel = X; J = 12; |2781.2864|4.19761e-09|0.556642|27
l-HC6N;v=0;hyp2|ElecStateLabel = X; S = 1; J = 2; N = 1; F1 = 1; F = 1.5; |ElecStateLabel = X; S = 1; J = 1; N = 2; F1 = 0; F = 0.5; |2818.1761|2.00608e-09|0.046551|4
l-HC6N;v=0;hyp2|ElecStateLabel = X; S = 1; J = 2; N = 1; F1 = 2; F = 2.5; |ElecStateLabel = X; S = 1; J = 1; N = 2; F1 = 1; F = 1.5; |2819.756|2.22383e-09|0.046538|6
l-HC6N;v=0;hyp2|ElecStateLabel = X; S = 1; J = 2; N = 1; F1 = 3; F = 3.5; |ElecStateLabel = X; S = 1; J = 1; N = 2; F1 = 2; F = 2.5; |2821.4184|2.73854e-09|0.046669|8
l-HC6N;v=0;hyp1|ElecStateLabel = X; S = 1; J = 2; N = 1; |ElecStateLabel = X; S = 1; J = 1; N = 2; |2822.349|2.74177e-09|0.046701|30
l-HC6N;v=0;hyp2|ElecStateLabel = X; S = 1; J = 2; N = 1; F1 = 1; F = 0.5; |ElecStateLabel = X; S = 1; J = 1; N = 2; F1 = 1; F = 0.5; |2823.193|2.14216e-09|0.046814|2
l-HC6N;v=0;hyp2|ElecStateLabel = X; S = 1; J = 2; N = 1; F1 = 2; F = 1.5; |ElecStateLabel = X; S = 1; J = 1; N = 2; F1 = 1; F = 0.5; |2824.1018|1.19526e-09|0.046814|4
NaO;v=1;|ElecStateLabel = X; Lambda = 1; v = 1; J = 0.5; N = 1; F_Na = 1; kronigParity = None; |ElecStateLabel = X; Lambda = 1; v = 1; J = 0.5; N = 1; F_Na = 2; kronigParity = None; |2825.8085|5.54036e-09|597.549|3
l-HC6N;v=0;hyp2|ElecStateLabel = X; S = 1; J = 2; N = 1; F1 = 3; F = 2.5; |ElecStateLabel = X; S = 1; J = 1; N = 2; F1 = 2; F = 1.5; |2826.408|2.40284e-09|0.046925|6
NaO;v=1;|ElecStateLabel = X; Lambda = 1; v = 1; J = 0.5; N = 1; F_Na = 1; kronigParity = None; |ElecStateLabel = X; Lambda = 1; v = 1; J = 0.5; N = 1; F_Na = 1; kronigParity = None; |2860.0138|1.15442e-09|597.5478|3
NaO;v=1;|ElecStateLabel = X; Lambda = 1; v = 1; J = 0.5; N = 1; F_Na = 2; kronigParity = None; |ElecStateLabel = X; Lambda = 1; v = 1; J = 0.5; N = 1; F_Na = 2; kronigParity = None; |2878.0461|3.4966e-09|597.549|5
C9H;v=0;|ElecStateLabel = X; S = 0.5; l = 1; J = 3.5; N = 4; F_H = 4; parity = -; kronigParity = e; |ElecStateLabel = X; S = 0.5; l = 1; J = 2.5; N = 3; F_H = 3; parity = +; kronigParity = e; |2890.6976|5.90441e-09|0.110309|9
C9H;v=0;|ElecStateLabel = X; S = 0.5; l = 1; J = 3.5; N = 4; F_H = 3; parity = -; kronigParity = e; |ElecStateLabel = X; S = 0.5; l = 1; J = 2.5; N = 3; F_H = 2; parity = +; kronigParity = e; |2890.953|5.62419e-09|0.110327|7
C9H;v=0;|ElecStateLabel = X; S = 0.5; l = 1; J = 3.5; N = 4; F_H = 4; parity = +; kronigParity = f; |ElecStateLabel = X; S = 0.5; l = 1; J = 2.5; N = 3; F_H = 3; parity = -; kronigParity = f; |2891.5184|5.91018e-09|0.110429|9
C9H;v=0;|ElecStateLabel = X; S = 0.5; l = 1; J = 3.5; N = 4; F_H = 3; parity = +; kronigParity = f; |ElecStateLabel = X; S = 0.5; l = 1; J = 2.5; N = 3; F_H = 2; parity = -; kronigParity = f; |2891.8113|5.62845e-09|0.110344|7
C9H;v=0;|ElecStateLabel = X; S = 0.5; l = 1; J = 3.5; N = 3; F_H = 3; parity = -; kronigParity = e; |ElecStateLabel = X; S = 0.5; l = 1; J = 2.5; N = 2; F_H = 2; parity = -; kronigParity = f; |2894.1036|4.70177e-09|27.601935|7
C9H;v=0;|ElecStateLabel = X; S = 0.5; l = 1; J = 3.5; N = 3; F_H = 4; parity = -; kronigParity = e; |ElecStateLabel = X; S = 0.5; l = 1; J = 2.5; N = 2; F_H = 3; parity = -; kronigParity = f; |2894.1117|4.93763e-09|27.601936|9
E-HC2CHCHCN;v=0;|ElecStateLabel = X; J = 1; Ka = 0; Kc = 1; F_N = 1; |ElecStateLabel = X; J = 0; Ka = 0; Kc = 0; F_N = 1; |2897.4274|1.3776e-09|0.0|3
E-HC2CHCHCN;v=0;|ElecStateLabel = X; J = 1; Ka = 0; Kc = 1; |ElecStateLabel = X; J = 0; Ka = 0; Kc = 0; |2898.4019|1.37864e-09|0.0|9
E-HC2CHCHCN;v=0;|ElecStateLabel = X; J = 1; Ka = 0; Kc = 1; F_N = 2; |ElecStateLabel = X; J = 0; Ka = 0; Kc = 0; F_N = 1; |2898.5969|1.37864e-09|0.0|5
E-HC2CHCHCN;v=0;|ElecStateLabel = X; J = 1; Ka = 0; Kc = 1; F_N = 0; |ElecStateLabel = X; J = 0; Ka = 0; Kc = 0; F_N = 1; |2900.3516|1.38065e-09|0.0|1
AG-n-C4H9CN;v=0;|ElecStateLabel = X; J = 1; Ka = 0; Kc = 1; |ElecStateLabel = X; J = 0; Ka = 0; Kc = 0; |2901.9472|1.29786e-09|307.700002|6
HC9N;v=0;hyp1|ElecStateLabel = X; J = 5; F_N = 4; |ElecStateLabel = X; J = 4; F_N = 3; |2905.1251|1.11154e-09|0.193842|9
HC9N;v=0;hyp1|ElecStateLabel = X; J = 5; F_N = 5; |ElecStateLabel = X; J = 4; F_N = 4; |2905.1827|1.12249e-09|0.193773|11
HC9N;v=0;#1|ElecStateLabel = X; J = 5; |ElecStateLabel = X; J = 4; |2905.1827|4.06856e-09|0.193813|11
HC9N;v=0;|ElecStateLabel = X; J = 5; |ElecStateLabel = X; J = 4; |2905.1827|3.50819e-09|0.193813|11
HC9N;v=0;hyp1|ElecStateLabel = X; J = 5; F_N = 6; |ElecStateLabel = X; J = 4; F_N = 5; |2905.2081|1.16933e-09|0.193828|13
NaO;v=1;|ElecStateLabel = X; Lambda = 1; v = 1; J = 0.5; N = 1; F_Na = 2; kronigParity = None; |ElecStateLabel = X; Lambda = 1; v = 1; J = 0.5; N = 1; F_Na = 1; kronigParity = None; |2912.2514|3.63895e-09|597.5478|5
CH3C9N;v=0;|ElecStateLabel = X; J = 7; K = 6; |ElecStateLabel = X; J = 6; K = 6; |2922.0435|1.519e-09|189.769592|60
CH3C9N;v=0;|ElecStateLabel = X; J = 7; K = 5; |ElecStateLabel = X; J = 6; K = 5; |2922.1271|2.8046e-09|131.899754|30
CH3C9N;v=0;|ElecStateLabel = X; J = 7; K = 4; |ElecStateLabel = X; J = 6; K = 4; |2922.1955|3.85682e-09|84.534712|30
CH3C9N;v=0;|ElecStateLabel = X; J = 7; K = 3; |ElecStateLabel = X; J = 6; K = 3; |2922.2488|4.67474e-09|47.684662|60
CH3C9N;v=0;|ElecStateLabel = X; J = 7; K = 2; |ElecStateLabel = X; J = 6; K = 2; |2922.2868|5.25969e-09|21.357535|30
CH3C9N;v=0;|ElecStateLabel = X; J = 7; K = 1; |ElecStateLabel = X; J = 6; K = 1; |2922.3096|5.60995e-09|5.558992|30
CH3C9N;v=0;|ElecStateLabel = X; J = 7; K = 0; |ElecStateLabel = X; J = 6; K = 0; |2922.3172|5.72784e-09|0.292434|30
C8H;v=0;|ElecStateLabel = X; S = 0.5; l = 1; J = 2.5; N = 2; F = 3; parity = -; kronigParity = f; |ElecStateLabel = X; S = 0.5; l = 1; J = 1.5; N = 1; F = 2; parity = +; kronigParity = f; |2933.3401|3.30996e-09|-1.0e-06|7
C8H;v=0;|ElecStateLabel = X; S = 0.5; l = 1; J = 2.5; N = 2; F = 3; parity = +; kronigParity = e; |ElecStateLabel = X; S = 0.5; l = 1; J = 1.5; N = 1; F = 2; parity = -; kronigParity = e; |2933.3434|3.30997e-09|-1.0e-06|7
C8H;v=0;|ElecStateLabel = X; S = 0.5; l = 1; J = 2.5; N = 2; F = 2; parity = -; kronigParity = f; |ElecStateLabel = X; S = 0.5; l = 1; J = 1.5; N = 1; F = 1; parity = +; kronigParity = f; |2933.3613|2.97889e-09|0.0|5
C8H;v=0;|ElecStateLabel = X; S = 0.5; l = 1; J = 2.5; N = 2; F = 2; parity = +; kronigParity = e; |ElecStateLabel = X; S = 0.5; l = 1; J = 1.5; N = 1; F = 1; parity = -; kronigParity = e; |2933.3646|2.97889e-09|0.0|5
C8H;v=0;|ElecStateLabel = X; S = 0.5; l = 1; J = 2.5; N = 3; F = 3; parity = -; kronigParity = f; |ElecStateLabel = X; S = 0.5; l = 1; J = 1.5; N = 2; F = 2; parity = +; kronigParity = f; |2933.6563|4.96867e-09|19.383157|7
C8H;v=0;|ElecStateLabel = X; S = 0.5; l = 1; J = 2.5; N = 3; F = 2; parity = -; kronigParity = f; |ElecStateLabel = X; S = 0.5; l = 1; J = 1.5; N = 2; F = 1; parity = +; kronigParity = f; |2935.3575|4.47425e-09|19.382995|5
C9O;v=0;|ElecStateLabel = X; J = 5; |ElecStateLabel = X; J = 4; |2937.3605|3.94039e-09|0.19596|11
C8H;v=0;|ElecStateLabel = X; S = 0.5; l = 1; J = 2.5; N = 3; F = 3; parity = +; kronigParity = e; |ElecStateLabel = X; S = 0.5; l = 1; J = 1.5; N = 2; F = 2; parity = -; kronigParity = e; |2943.905|5.02061e-09|19.383841|7
C8H;v=0;|ElecStateLabel = X; S = 0.5; l = 1; J = 2.5; N = 3; F = 2; parity = +; kronigParity = e; |ElecStateLabel = X; S = 0.5; l = 1; J = 1.5; N = 2; F = 1; parity = -; kronigParity = e; |2945.6064|4.52101e-09|19.383679|5
C4S;v=0;|ElecStateLabel = X; S = 1; J = 1; N = 2; |ElecStateLabel = X; S = 1; J = 0; N = 1; |2955.9966|1.62697e-09|0.0|3
CH3CHNH2COOH;v=0;|ElecStateLabel = X; J = 8; Ka = 4; Kc = 4; |ElecStateLabel = X; J = 8; Ka = 4; Kc = 5; |2967.466|1.21215e-09|7.9575|51
SiC3C-13;v=0;|ElecStateLabel = X; J = 1; |ElecStateLabel = X; J = 0; |2972.8971|4.20329e-09|0.0|3
Si-30-C4;v=0;|ElecStateLabel = X; J = 1; |ElecStateLabel = X; J = 0; |2976.051|4.21682e-09|0.0|3
HC13N;v=0;|ElecStateLabel = X; J = 14; |ElecStateLabel = X; J = 13; |2995.2313|5.25597e-09|0.649416|29
CH3C7N;v=0;|ElecStateLabel = X; J = 4; K = 3; |ElecStateLabel = X; J = 3; K = 3; |2997.6691|2.19462e-09|47.492388|36
CH3C7N;v=0;|ElecStateLabel = X; J = 4; K = 2; |ElecStateLabel = X; J = 3; K = 2; |2997.7249|3.7629e-09|21.192945|18
CH3C7N;v=0;|ElecStateLabel = X; J = 4; K = 1; |ElecStateLabel = X; J = 3; K = 1; |2997.7585|4.70281e-09|5.411014|18
CH3C7N;v=0;|ElecStateLabel = X; J = 4; K = 0; |ElecStateLabel = X; J = 3; K = 0; |2997.7696|5.01766e-09|0.149992|18
ND3;v=0;|ElecStateLabel = X; v1 = 0; v2 = 0; v3 = 0; v4 = 0; vibInv = a; J = 21; K = 21; rovibSym = A2; |ElecStateLabel = X; v1 = 0; v2 = 0; v3 = 0; v4 = 0; vibInv = s; J = 21; K = 21; rovibSym = A2; |3010.7421|1.27051e-09|1517.8086|473
Si-29-C4;v=0;|ElecStateLabel = X; J = 1; |ElecStateLabel = X; J = 0; |3020.4594|4.4084e-09|0.0|3
SiC2C-13-C;v=0;|ElecStateLabel = X; J = 1; |ElecStateLabel = X; J = 0; |3031.7861|4.45755e-09|0.0|3
HC11N;v=0;#1|ElecStateLabel = X; J = 9; |ElecStateLabel = X; J = 8; |3043.1323|5.97337e-09|0.406032|19
HC11N;v=0;|ElecStateLabel = X; J = 9; |ElecStateLabel = X; J = 8; |3043.1323|4.64956e-09|0.406032|19
C6O;v=0;|ElecStateLabel = X; S = 1; J = 1; F = 2; |ElecStateLabel = X; S = 1; J = 2; F = 1; |3055.7393|1.7418e-09|0.050875|5
SiCC-13-C2;v=0;|ElecStateLabel = X; J = 1; |ElecStateLabel = X; J = 0; |3063.2876|4.59831e-09|0.0|3
SiC-13-C3;v=0;|ElecStateLabel = X; J = 1; |ElecStateLabel = X; J = 0; |3064.1021|4.60248e-09|0.0|3
C4Si;v=0;|ElecStateLabel = X; J = 1; |ElecStateLabel = X; J = 0; |3067.5439|4.44524e-09|0.0|3
SiC4;v=0;|ElecStateLabel = X; J = 1; |ElecStateLabel = X; J = 0; |3067.5447|4.61739e-09|0.0|3
NaO;v=2;|ElecStateLabel = X; Lambda = 1; v = 2; J = 0.5; N = 1; F_Na = 1; kronigParity = None; |ElecStateLabel = X; Lambda = 1; v = 2; J = 0.5; N = 1; F_Na = 2; kronigParity = None; |3098.4761|7.30203e-09|1086.9895|3
CH3C5N;v=0;|ElecStateLabel = X; J = 2; K = 0; F = 2; parity = None; |ElecStateLabel = X; J = 1; K = 0; F = 2; parity = None; |3110.8907|1.02219e-09|0.0519|10
CH3C5N;v=0;|ElecStateLabel = X; J = 2; K = 1; F = 2; parity = -; |ElecStateLabel = X; J = 1; K = 1; F = 1; parity = -; |3111.0849|2.30085e-09|5.2995|10
CH3C5N;v=0;|ElecStateLabel = X; J = 2; K = 0; F = 1; parity = None; |ElecStateLabel = X; J = 1; K = 0; F = 0; parity = None; |3111.1022|2.27253e-09|0.052|6
CH3C5N;v=0;|ElecStateLabel = X; J = 2; K = 1; F = 1; parity = -; |ElecStateLabel = X; J = 1; K = 1; F = 1; parity = -; |3112.1425|1.27875e-09|5.2995|6
CH3C5N;v=0;|ElecStateLabel = X; J = 2; K = 0; F = 2; parity = None; |ElecStateLabel = X; J = 1; K = 0; F = 1; parity = None; |3112.1584|3.06908e-09|0.0519|10
CH3C5N;v=0;|ElecStateLabel = X; J = 2; K = 0; F = 3; parity = None; |ElecStateLabel = X; J = 1; K = 0; F = 2; parity = None; |3112.2491|4.09254e-09|0.0519|14
CH3C5N;v=0;|ElecStateLabel = X; J = 2; K = 1; F = 3; parity = -; |ElecStateLabel = X; J = 1; K = 1; F = 2; parity = -; |3112.3976|3.06933e-09|5.2995|14
CH3C5N;v=0;|ElecStateLabel = X; J = 2; K = 1; F = 1; parity = -; |ElecStateLabel = X; J = 1; K = 1; F = 0; parity = -; |3113.7267|1.7061e-09|5.2994|6
CH3C5N;v=0;|ElecStateLabel = X; J = 2; K = 0; F = 1; parity = None; |ElecStateLabel = X; J = 1; K = 0; F = 1; parity = None; |3114.2723|1.70707e-09|0.0519|6
CH3CHNH2COOH;v=0;|ElecStateLabel = X; J = 17; Ka = 8; Kc = 9; |ElecStateLabel = X; J = 17; Ka = 8; Kc = 10; |3115.5045|1.23264e-09|33.717|105
C8O;v=0;|ElecStateLabel = X; S = 1; J = 4; N = 5; |ElecStateLabel = X; S = 1; J = 3; N = 4; |3129.3308|3.39613e-09|0.156564|9
NaO;v=2;|ElecStateLabel = X; Lambda = 1; v = 2; J = 0.5; N = 1; F_Na = 2; kronigParity = None; |ElecStateLabel = X; Lambda = 1; v = 2; J = 0.5; N = 1; F_Na = 2; kronigParity = None; |3150.7136|4.5873e-09|1086.9895|5
CH3CHNH2COOH;v=0;|ElecStateLabel = X; J = 24; Ka = 11; Kc = 13; |ElecStateLabel = X; J = 24; Ka = 11; Kc = 14; |3172.8235|1.2103e-09|65.8688|147
H2NCH2COOHII;v24=1;|v24 = 1; J = 2; Ka = 1; Kc = 1; |v24 = 1; J = 2; Ka = 1; Kc = 2; |3179.1407|1.79838e-09|1487.874886|15
CH3CHNH2COOH;v=0;|ElecStateLabel = X; J = 48; Ka = 21; Kc = 27; |ElecStateLabel = X; J = 48; Ka = 21; Kc = 28; |3181.0411|1.03721e-09|256.1103|291
NaO;v=2;|ElecStateLabel = X; Lambda = 1; v = 2; J = 0.5; N = 1; F_Na = 2; kronigParity = None; |ElecStateLabel = X; Lambda = 1; v = 2; J = 0.5; N = 1; F_Na = 1; kronigParity = None; |3184.9189|4.75933e-09|1086.9884|5
H2NCH2COOH,II;v=0;hyp1|ElecStateLabel = X; J = 2; Ka = 1; Kc = 1; F_N = 1; |ElecStateLabel = X; J = 2; Ka = 1; Kc = 2; F_N = 1; |3190.8839|1.36401e-09|0.875003|3
H2NCH2COOHII;v=0;hyp1|ElecStateLabel = X; v24 = 0; J = 2; Ka = 1; Kc = 1; F_N = 1; |ElecStateLabel = X; v24 = 0; J = 2; Ka = 1; Kc = 2; F_N = 1; |3190.8894|1.36369e-09|700.875001|3
H2NCH2COOHII;v=0;hyp1|ElecStateLabel = X; v24 = 0; J = 11; Ka = 4; Kc = 7; F_N = 10; |ElecStateLabel = X; v24 = 0; J = 11; Ka = 4; Kc = 8; F_N = 10; |3191.1334|1.12884e-09|719.303252|21
H2NCH2COOHII;v=0;hyp1|ElecStateLabel = X; v24 = 0; J = 11; Ka = 4; Kc = 7; F_N = 12; |ElecStateLabel = X; v24 = 0; J = 11; Ka = 4; Kc = 8; F_N = 12; |3191.1593|1.13036e-09|719.303254|25
H2NCH2COOHII;v=0;|v24 = 0; J = 11; Ka = 4; Kc = 7; |v24 = 0; J = 11; Ka = 4; Kc = 8; |3191.2462|1.13846e-09|719.303261|69
H2NCH2COOHII;v=0;hyp1|ElecStateLabel = X; v24 = 0; J = 11; Ka = 4; Kc = 7; F_N = 11; |ElecStateLabel = X; v24 = 0; J = 11; Ka = 4; Kc = 8; F_N = 11; |3191.4436|1.12142e-09|719.303276|23
H2NCH2COOH,II;v=0;hyp1|ElecStateLabel = X; J = 2; Ka = 1; Kc = 1; F_N = 3; |ElecStateLabel = X; J = 2; Ka = 1; Kc = 2; F_N = 3; |3191.708|1.61791e-09|0.874994|7
H2NCH2COOHII;v=0;hyp1|ElecStateLabel = X; v24 = 0; J = 2; Ka = 1; Kc = 1; F_N = 3; |ElecStateLabel = X; v24 = 0; J = 2; Ka = 1; Kc = 2; F_N = 3; |3191.7134|1.6179e-09|700.874992|7
H2NCH2COOHII;v=0;|v24 = 0; J = 2; Ka = 1; Kc = 1; |v24 = 0; J = 2; Ka = 1; Kc = 2; |3192.0429|1.82056e-09|700.874989|15
H2NCH2COOH,II;v=0;hyp1|ElecStateLabel = X; J = 2; Ka = 1; Kc = 1; F_N = 2; |ElecStateLabel = X; J = 2; Ka = 1; Kc = 2; F_N = 2; |3193.1911|1.26614e-09|0.874979|5
H2NCH2COOHII;v=0;hyp1|ElecStateLabel = X; v24 = 0; J = 2; Ka = 1; Kc = 1; F_N = 2; |ElecStateLabel = X; v24 = 0; J = 2; Ka = 1; Kc = 2; F_N = 2; |3193.1962|1.26585e-09|700.874977|5
CH3CHNH2COOH;v=0;|ElecStateLabel = X; J = 4; Ka = 2; Kc = 2; |ElecStateLabel = X; J = 4; Ka = 2; Kc = 3; |3200.8606|1.48361e-09|2.1334|27
i-C3H7CN;v=0;|ElecStateLabel = X; J = 2; Ka = 1; Kc = 1; |ElecStateLabel = X; J = 2; Ka = 1; Kc = 2; |3201.0861|1.02935e-09|0.784312|5
C8O;v=0;|ElecStateLabel = X; S = 1; J = 4; N = 4; |ElecStateLabel = X; S = 1; J = 3; N = 3; |3205.1413|3.42194e-09|2.408265|9
HC13N;v=0;|ElecStateLabel = X; J = 15; |ElecStateLabel = X; J = 14; |3209.1763|6.47989e-09|0.749326|31
CH3CHNH2COOH;v=0;|ElecStateLabel = X; J = 6; Ka = 3; Kc = 3; |ElecStateLabel = X; J = 6; Ka = 3; Kc = 4; |3213.3219|1.50637e-09|4.5932|39
H2NCH2COOHII;v24=1;|v24 = 1; J = 11; Ka = 4; Kc = 7; |v24 = 1; J = 11; Ka = 4; Kc = 8; |3215.6883|1.16274e-09|1506.307915|69
NaCN,NaNC;v=0;|ElecStateLabel = X; J = 15; Ka = 3; Kc = 12; |ElecStateLabel = X; J = 15; Ka = 3; Kc = 13; |3265.9508|1.1575e-09|77.700973|31
DCCCCCCCN;v=0;|ElecStateLabel = X; J = 3; |ElecStateLabel = X; J = 2; |3271.891|4.05964e-09|0.109139|7
C8O;v=0;|ElecStateLabel = X; S = 1; J = 4; N = 3; |ElecStateLabel = X; S = 1; J = 3; N = 2; |3280.9304|3.67056e-09|2.412067|9
NaCN,NaNC;v=0;|ElecStateLabel = X; J = 2; Ka = 1; Kc = 1; |ElecStateLabel = X; J = 2; Ka = 1; Kc = 2; |3289.6602|5.40938e-09|3.181287|5
HC-13-CCCCCCN;v=0;|ElecStateLabel = X; J = 3; F_N = 2; |ElecStateLabel = X; J = 2; F_N = 1; |3309.6491|3.52934e-09|0.110441|5
HC-13-CCCCCCN;v=0;|ElecStateLabel = X; J = 3; F_N = 3; |ElecStateLabel = X; J = 2; F_N = 2; |3309.8635|3.73588e-09|0.110369|7
HC-13-CCCCCCN;v=0;|ElecStateLabel = X; J = 3; |ElecStateLabel = X; J = 2; |3309.8635|4.20236e-09|0.110405|7
HC-13-CCCCCCN;v=0;|ElecStateLabel = X; J = 3; F_N = 4; |ElecStateLabel = X; J = 2; F_N = 3; |3309.9146|4.20296e-09|0.110415|9
HCCCCCCCN-15;v=0;|ElecStateLabel = X; J = 3; |ElecStateLabel = X; J = 2; |3313.5199|4.21592e-09|0.110527|7
C10H;v=0;|ElecStateLabel = X; S = 0.5; J = 5.5; N = 5; parity = -; kronigParity = e; |ElecStateLabel = X; S = 0.5; J = 4.5; N = 4; parity = +; kronigParity = e; |3313.8439|1.01091e-08|0.211027|12
C10H;v=0;|ElecStateLabel = X; S = 0.5; J = 5.5; N = 5; parity = +; kronigParity = f; |ElecStateLabel = X; S = 0.5; J = 4.5; N = 4; parity = -; kronigParity = f; |3313.8455|1.01091e-08|0.211027|12
C10H;v=0;|ElecStateLabel = X; S = 0.5; J = 5.5; N = 6; parity = -; kronigParity = e; |ElecStateLabel = X; S = 0.5; J = 4.5; N = 5; parity = +; kronigParity = e; |3314.3171|1.08355e-08|23.580431|12
C7S;v=0;|ElecStateLabel = X; J = 4; |ElecStateLabel = X; J = 3; |3315.4238|7.24758e-09|0.165886|9
C10H;v=0;|ElecStateLabel = X; S = 0.5; J = 5.5; N = 6; parity = +; kronigParity = f; |ElecStateLabel = X; S = 0.5; J = 4.5; N = 5; parity = -; kronigParity = f; |3319.0768|1.08811e-08|23.581225|12
CH3C9N;v=0;|ElecStateLabel = X; J = 8; K = 6; |ElecStateLabel = X; J = 7; K = 6; |3339.478|3.77059e-09|189.867061|68
CH3C9N;v=0;|ElecStateLabel = X; J = 8; K = 5; |ElecStateLabel = X; J = 7; K = 5; |3339.5736|5.25196e-09|131.997225|34
CH3C9N;v=0;|ElecStateLabel = X; J = 8; K = 4; |ElecStateLabel = X; J = 7; K = 4; |3339.6519|6.4652e-09|84.632186|34
CH3C9N;v=0;|ElecStateLabel = X; J = 8; K = 3; |ElecStateLabel = X; J = 7; K = 3; |3339.7127|7.40814e-09|47.782138|68
CH3C9N;v=0;|ElecStateLabel = X; J = 8; K = 2; |ElecStateLabel = X; J = 7; K = 2; |3339.7561|8.08187e-09|21.455012|34
CH3C9N;v=0;|ElecStateLabel = X; J = 8; K = 1; |ElecStateLabel = X; J = 7; K = 1; |3339.7822|8.48615e-09|5.65647|34
CH3C9N;v=0;|ElecStateLabel = X; J = 8; K = 0; |ElecStateLabel = X; J = 7; K = 0; |3339.7909|8.6207e-09|0.389912|34
HCC-13-CCCCCN;v=0;|ElecStateLabel = X; J = 3; F_N = 2; |ElecStateLabel = X; J = 2; F_N = 1; |3343.7785|3.63997e-09|0.111579|5
HCC-13-CCCCCN;v=0;|ElecStateLabel = X; J = 3; F_N = 3; |ElecStateLabel = X; J = 2; F_N = 2; |3343.9929|3.8521e-09|0.111508|7
HCC-13-CCCCCN;v=0;|ElecStateLabel = X; J = 3; |ElecStateLabel = X; J = 2; |3343.9929|4.33409e-09|0.111544|7
HCC-13-CCCCCN;v=0;|ElecStateLabel = X; J = 3; F_N = 4; |ElecStateLabel = X; J = 2; F_N = 3; |3344.044|4.33371e-09|0.111554|9
HCCCCCCC-13-N;v=0;hyp1|ElecStateLabel = X; J = 3; F_N = 2; |ElecStateLabel = X; J = 2; F_N = 1; |3345.0215|3.64414e-09|0.111621|5
HCCCCCCC-13-N;v=0;hyp1|ElecStateLabel = X; J = 3; F_N = 3; |ElecStateLabel = X; J = 2; F_N = 2; |3345.2359|3.85651e-09|0.111549|7
HCCCCCCC-13-N;v=0;|ElecStateLabel = X; J = 3; |ElecStateLabel = X; J = 2; |3345.2359|4.33905e-09|0.111585|7
HCCCCCCC-13-N;v=0;hyp1|ElecStateLabel = X; J = 3; F_N = 4; |ElecStateLabel = X; J = 2; F_N = 3; |3345.287|4.33867e-09|0.111595|9
l-HC6N;v=0;hyp2|ElecStateLabel = X; S = 1; J = 2; N = 2; F1 = 2; F = 1.5; |ElecStateLabel = X; S = 1; J = 1; N = 1; F1 = 1; F = 0.5; |3359.9033|1.59853e-09|0.716089|4
l-HC6N;v=0;hyp2|ElecStateLabel = X; S = 1; J = 2; N = 2; F1 = 1; F = 0.5; |ElecStateLabel = X; S = 1; J = 1; N = 1; F1 = 1; F = 0.5; |3361.7067|2.61748e-09|0.716089|2
l-HC6N;v=0;hyp2|ElecStateLabel = X; S = 1; J = 2; N = 2; F1 = 3; F = 2.5; |ElecStateLabel = X; S = 1; J = 1; N = 1; F1 = 2; F = 1.5; |3361.7256|2.72248e-09|0.715989|6
l-HC6N;v=0;hyp2|ElecStateLabel = X; S = 1; J = 2; N = 2; F1 = 2; F = 1.5; |ElecStateLabel = X; S = 1; J = 1; N = 1; F1 = 2; F = 1.5; |3362.8954|1.51673e-09|0.715989|4
l-HC6N;v=0;hyp2|ElecStateLabel = X; S = 1; J = 2; N = 2; F1 = 2; F = 2.5; |ElecStateLabel = X; S = 1; J = 1; N = 1; F1 = 1; F = 1.5; |3365.1119|2.96484e-09|0.715708|6
l-HC6N;v=0;hyp1|ElecStateLabel = X; S = 1; J = 2; N = 2; |ElecStateLabel = X; S = 1; J = 1; N = 1; |3365.2292|3.52978e-09|0.715783|30
l-HC6N;v=0;hyp2|ElecStateLabel = X; S = 1; J = 2; N = 2; F1 = 1; F = 1.5; |ElecStateLabel = X; S = 1; J = 1; N = 1; F1 = 0; F = 0.5; |3366.0653|2.76322e-09|0.715738|4
l-HC6N;v=0;hyp2|ElecStateLabel = X; S = 1; J = 2; N = 2; F1 = 3; F = 3.5; |ElecStateLabel = X; S = 1; J = 1; N = 1; F1 = 2; F = 2.5; |3367.1876|3.5329e-09|0.715609|8
HCCC-13-CCCCN;v=0;|ElecStateLabel = X; J = 3; F_N = 2; |ElecStateLabel = X; J = 2; F_N = 1; |3369.9462|3.72564e-09|0.112452|5
HCCC-13-CCCCN;v=0;|ElecStateLabel = X; J = 3; F_N = 3; |ElecStateLabel = X; J = 2; F_N = 2; |3370.1606|3.94366e-09|0.112381|7
HCCC-13-CCCCN;v=0;|ElecStateLabel = X; J = 3; |ElecStateLabel = X; J = 2; |3370.1606|4.43609e-09|0.112416|7
HCCC-13-CCCCN;v=0;|ElecStateLabel = X; J = 3; F_N = 4; |ElecStateLabel = X; J = 2; F_N = 3; |3370.2117|4.43672e-09|0.112427|9
HCCCCCC-13-CN;v=0;hyp1|ElecStateLabel = X; J = 3; F_N = 2; |ElecStateLabel = X; J = 2; F_N = 1; |3370.7479|3.72905e-09|0.112479|5
HCCCCCC-13-CN;v=0;hyp1|ElecStateLabel = X; J = 3; F_N = 3; |ElecStateLabel = X; J = 2; F_N = 2; |3370.9624|3.94637e-09|0.112407|7
HCCCCCC-13-CN;v=0;|ElecStateLabel = X; J = 3; |ElecStateLabel = X; J = 2; |3370.9624|4.43913e-09|0.112443|7
HCCCCCC-13-CN;v=0;hyp1|ElecStateLabel = X; J = 3; F_N = 4; |ElecStateLabel = X; J = 2; F_N = 3; |3371.0134|4.43976e-09|0.112453|9
HC11N;v=0;#1|ElecStateLabel = X; J = 10; |ElecStateLabel = X; J = 9; |3381.2579|8.23635e-09|0.50754|21
HC11N;v=0;|ElecStateLabel = X; J = 10; |ElecStateLabel = X; J = 9; |3381.2579|6.41101e-09|0.50754|21
HCCCC-13-CCCN;v=0;|ElecStateLabel = X; J = 3; F_N = 2; |ElecStateLabel = X; J = 2; F_N = 1; |3381.882|3.76617e-09|0.11285|5
HCCCC-13-CCCN;v=0;|ElecStateLabel = X; J = 3; F_N = 3; |ElecStateLabel = X; J = 2; F_N = 2; |3382.0964|3.98565e-09|0.112779|7
HCCCC-13-CCCN;v=0;|ElecStateLabel = X; J = 3; |ElecStateLabel = X; J = 2; |3382.0964|4.48331e-09|0.112815|7
HCCCC-13-CCCN;v=0;|ElecStateLabel = X; J = 3; F_N = 4; |ElecStateLabel = X; J = 2; F_N = 3; |3382.1475|4.48395e-09|0.112825|9
HCCCCC-13-CCN;v=0;|ElecStateLabel = X; J = 3; F_N = 2; |ElecStateLabel = X; J = 2; F_N = 1; |3382.1793|3.76703e-09|0.11286|5
HCCCCC-13-CCN;v=0;|ElecStateLabel = X; J = 3; F_N = 3; |ElecStateLabel = X; J = 2; F_N = 2; |3382.3937|3.98656e-09|0.112789|7
HCCCCC-13-CCN;v=0;|ElecStateLabel = X; J = 3; |ElecStateLabel = X; J = 2; |3382.3937|4.48434e-09|0.112825|7
HCCCCC-13-CCN;v=0;|ElecStateLabel = X; J = 3; F_N = 4; |ElecStateLabel = X; J = 2; F_N = 3; |3382.4447|4.48498e-09|0.112835|9
HCCCCCCCN;v=0;hyp1|ElecStateLabel = X; v15 = 0; J = 3; F_N = 2; |ElecStateLabel = X; v15 = 0; J = 2; F_N = 1; |3383.7916|1.25748e-09|0.112914|5
HCCCCCCCN;v=0;#1|ElecStateLabel = X; J = 3; F_N = 2; |ElecStateLabel = X; J = 2; F_N = 1; |3383.798|4.05934e-09|0.112913|5
HCCCCCCCN;v=0;#1|ElecStateLabel = X; J = 3; F_N = 3; |ElecStateLabel = X; J = 2; F_N = 2; |3384.0042|4.29589e-09|0.112844|7
HCCCCCCCN;v=0;hyp1|ElecStateLabel = X; v15 = 0; J = 3; F_N = 3; |ElecStateLabel = X; v15 = 0; J = 2; F_N = 2; |3384.0063|1.33076e-09|0.112843|7
HCCCCCCCN;v=0;|ElecStateLabel = X; v15 = 0; J = 3; |ElecStateLabel = X; v15 = 0; J = 2; |3384.0063|4.49158e-09|0.112878|7
HCCCCCCCN;v=0;#1|ElecStateLabel = X; J = 3; F_N = 4; |ElecStateLabel = X; J = 2; F_N = 3; |3384.0533|4.83298e-09|0.112888|9
HCCCCCCCN;v=0;hyp1|ElecStateLabel = X; v15 = 0; J = 3; F_N = 4; |ElecStateLabel = X; v15 = 0; J = 2; F_N = 3; |3384.0574|1.49714e-09|0.112889|9
HCCCCCCCN;v15=1;|ElecStateLabel = X; v15 = 1; l15 = 1; J = 3; kronigParity = e; |ElecStateLabel = X; v15 = 1; l15 = 1; J = 2; kronigParity = e; |3388.2401|4.00732e-09|62.1037|7
HCCCCCCCN;v15=1;|ElecStateLabel = X; v15 = 1; l15 = 1; J = 3; kronigParity = f; |ElecStateLabel = X; v15 = 1; l15 = 1; J = 2; kronigParity = f; |3390.3986|4.0145e-09|62.1038|7
HCCCCCCCN;v15=2;|ElecStateLabel = X; v15 = 2; l15 = 2; J = 3; kronigParity = f; |ElecStateLabel = X; v15 = 2; l15 = 2; J = 2; kronigParity = f; |3394.6376|2.51835e-09|124.3969|7
HCCCCCCCN;v15=2;|ElecStateLabel = X; v15 = 2; l15 = 2; J = 3; kronigParity = e; |ElecStateLabel = X; v15 = 2; l15 = 2; J = 2; kronigParity = e; |3394.6391|2.51835e-09|124.3969|7
HCCCCCCCN;v15=2;|ElecStateLabel = X; v15 = 2; l15 = 0; J = 3; kronigParity = e; |ElecStateLabel = X; v15 = 2; l15 = 0; J = 2; kronigParity = e; |3394.6528|4.53385e-09|124.1324|7
C6O;v=0;|ElecStateLabel = X; S = 1; J = 2; F = 2; |ElecStateLabel = X; S = 1; J = 1; F = 1; |3399.0307|1.80698e-09|1.157613|5
l-C7H2;v=0;|ElecStateLabel = X; J = 2; Ka = 1; Kc = 2; |ElecStateLabel = X; J = 1; Ka = 1; Kc = 1; |3399.7586|8.13532e-09|9.243337|15
TiO2;v=0;|ElecStateLabel = X; v1 = 0; v2 = 0; v3 = 0; J = 18; Ka = 7; Kc = 11; |ElecStateLabel = X; v1 = 0; v2 = 0; v3 = 0; J = 19; Ka = 6; Kc = 14; |3401.4465|1.02109e-09|123.91618|37
l-C7H2;v=0;|ElecStateLabel = X; J = 2; Ka = 0; Kc = 2; |ElecStateLabel = X; J = 1; Ka = 0; Kc = 1; |3402.4083|1.08743e-08|0.056746|5
l-C7H2;v=0;|ElecStateLabel = X; J = 2; Ka = 1; Kc = 1; |ElecStateLabel = X; J = 1; Ka = 1; Kc = 0; |3404.9966|8.17417e-09|9.243425|15
CH3CHNH2COOH;v=0;|ElecStateLabel = X; J = 53; Ka = 23; Kc = 30; |ElecStateLabel = X; J = 53; Ka = 23; Kc = 31; |3413.9384|1.23518e-09|311.124|321
c-C3H;v=0;|ElecStateLabel = X; J = 3; Ka = 3; Kc = 0; F1 = 2.5; F = 2; |ElecStateLabel = X; J = 3; Ka = 3; Kc = 1; F1 = 2.5; F = 2; |3415.5665|1.7192e-09|14.0445|5
c-C3H;v=0;|ElecStateLabel = X; J = 3; Ka = 3; Kc = 0; F1 = 2.5; F = 3; |ElecStateLabel = X; J = 3; Ka = 3; Kc = 1; F1 = 2.5; F = 3; |3415.6246|1.73703e-09|14.0447|7
HC13N;v=0;|ElecStateLabel = X; J = 16; |ElecStateLabel = X; J = 15; |3423.1212|7.88088e-09|0.856373|33
ND3;v=0;|ElecStateLabel = X; v1 = 0; v2 = 0; v3 = 0; v4 = 0; vibInv = a; J = 23; K = 23; rovibSym = E; |ElecStateLabel = X; v1 = 0; v2 = 0; v3 = 0; v4 = 0; vibInv = s; J = 23; K = 23; rovibSym = E; |3424.2876|1.00334e-09|1817.8825|376
H2NCH2COOHII;v24=1;|v24 = 1; J = 25; Ka = 8; Kc = 17; |v24 = 1; J = 25; Ka = 8; Kc = 18; |3427.573|1.0588e-09|1579.265081|153
CH3CHNH2COOH;v=0;|ElecStateLabel = X; J = 36; Ka = 16; Kc = 20; |ElecStateLabel = X; J = 36; Ka = 16; Kc = 21; |3433.1782|1.3782e-09|145.4686|219
C7O;v=0;|ElecStateLabel = X; J = 3; |ElecStateLabel = X; J = 2; |3437.6456|3.95376e-09|0.114668|7
c-C3H;v=0;|ElecStateLabel = X; J = 3; Ka = 3; Kc = 0; F1 = 3.5; F = 3; |ElecStateLabel = X; J = 3; Ka = 3; Kc = 1; F1 = 3.5; F = 3; |3447.7142|1.86632e-09|14.0536|7
c-C3H;v=0;|ElecStateLabel = X; J = 3; Ka = 3; Kc = 0; F1 = 3.5; F = 4; |ElecStateLabel = X; J = 3; Ka = 3; Kc = 1; F1 = 3.5; F = 4; |3447.8425|1.86405e-09|14.0532|9
